<?xml version="1.0" encoding="UTF-8"?>
<Configuration status="WARN">
  <Appenders>
    <Console name="console" target="SYSTEM_OUT">
      <PatternLayout pattern="%highlight{[%-5level] %d{yyyy-MM-dd HH:mm:ss.SSS} [%X] %c{1} - %msg%n}"/>
    </Console>
    <File name="file" fileName="logs/Transormation-service.log">
      <PatternLayout pattern="[%-5level] %d{yyyy-MM-dd HH:mm:ss.SSS} [%X] %c{1} - %msg%n"/>
    </File>
  </Appenders>
  <Loggers>
    <Root name="com.mufg.us.amh" level="INFO" additivity="false">
      <AppenderRef ref="console"/>
      <AppenderRef ref="file"/>
    </Root>
  </Loggers>
</Configuration>