<?xml version="1.0" encoding="UTF-8"?>
<configuration>

    <conversionRule conversionWord="clr" converterClass="org.springframework.boot.logging.logback.ColorConverter" />
    <conversionRule conversionWord="wex" converterClass="org.springframework.boot.logging.logback.WhitespaceThrowableProxyConverter" />
    <conversionRule conversionWord="wEx" converterClass="org.springframework.boot.logging.logback.ExtendedWhitespaceThrowableProxyConverter" />

    <property name="CONSOLE_LOG_PATTERN" value="${CONSOLE_LOG_PATTERN:-%clr(%d{yyyy-MM-dd HH:mm:ss.SSS}){faint} %clr(${LOG_LEVEL_PATTERN:-%5p}) %clr(${PID:- }){magenta} %clr(---){faint} %clr([%15.15t]){faint} %clr(%-40.40logger{39}){cyan} %clr(:){faint} %m%n${LOG_EXCEPTION_CONVERSION_WORD:-%wEx}}"/>
    <property name="FILE_LOG_PATTERN" value="${FILE_LOG_PATTERN:-%d{yyyy-MM-dd HH:mm:ss.SSS} ${LOG_LEVEL_PATTERN:-%5p} ${PID:- } --- [%t] %-40.40logger{39} : %m%n${LOG_EXCEPTION_CONVERSION_WORD:-%wEx}}"/>
    <property name="FLEET" value = "${FLEET}" />
    <property name="SITE" value = "${SITE}" />

    <springProperty name="LOGSTASH_HOST" source="logging.logstash.host"/>
    <springProperty name="LOGSTASH_PORT" source="logging.logstash.port"/>
    <springProperty name="APP_NAME" source="spring.application.name"/>
    <springProperty scope="context" name="active_profile" source="spring.profiles.active"/>

    <appender name="CONSOLE" class="ch.qos.logback.core.ConsoleAppender">
        <encoder>
            <pattern>${CONSOLE_LOG_PATTERN}</pattern>
        </encoder>
    </appender>

    <logger name="org.apache.catalina.startup.DigesterFactory" level="ERROR"/>
    <logger name="org.apache.catalina.util.LifecycleBase" level="ERROR"/>
    <logger name="org.apache.coyote.http11.Http11NioProtocol" level="WARN"/>
    <logger name="org.apache.sshd.common.util.SecurityUtils" level="WARN"/>
    <logger name="org.apache.tomcat.util.net.NioSelectorPool" level="WARN"/>
    <logger name="org.crsh.plugin" level="WARN"/>
    <logger name="org.crsh.ssh" level="WARN"/>
    <logger name="org.eclipse.jetty.util.component.AbstractLifeCycle" level="ERROR"/>
    <logger name="org.hibernate.validator.internal.util.Version" level="WARN"/>
    <logger name="org.springframework.boot.actuate.autoconfigure.CrshAutoConfiguration" level="WARN"/>

    <!-- Don't send to logstash if the certain variables are not defined -->
    <if condition='isDefined("LOGSTASH_HOST") &amp;&amp; isDefined("LOGSTASH_PORT") &amp;&amp; isDefined("FLEET") &amp;&amp; isDefined("SITE")'>
        <then>
            <appender name="LOGSTASH" class="net.logstash.logback.appender.LogstashTcpSocketAppender">
                <destination>${LOGSTASH_HOST}:${LOGSTASH_PORT}</destination>
                <encoder class="net.logstash.logback.encoder.LogstashEncoder">
                    <customFields>{"fleet":"${FLEET}","site":"${SITE}","appName":"${APP_NAME}"}</customFields>
                </encoder>
            </appender>
            <root level="INFO">
                <appender-ref ref="LOGSTASH" />
            </root>
        </then>
    </if>

    <root level="INFO">
        <appender-ref ref="CONSOLE" />
    </root>

</configuration>
