<Proponix>
	<Header>
		<DestinationID>PRO</DestinationID>
		<SenderID>BTM</SenderID>
		<MessageType>MSGCONF</MessageType>
		<DateSent>20200108</DateSent>
		<TimeSent>1851</TimeSent>
		<MessageID>0500E5BFAC</MessageID>
	</Header>
	<Body>
		<ReplytoMessageID>1123703852</ReplytoMessageID>
		<ProcessingStatus>MSGOKAY</ProcessingStatus>
		<ErrorCode></ErrorCode>
		<ErrorText></ErrorText>
	</Body>
</Proponix>



<Proponix>
	<Header>
		<DestinationID>BTM</DestinationID>
		<SenderID>PRO</SenderID>
		<ClientBank>BTM</ClientBank>
		<OperationOrganizationID>3110</OperationOrganizationID>
		<MessageType>BALMIS</MessageType>
		<DateSent>20200108</DateSent>
		<TimeSent>053213</TimeSent>
		<MessageID>1123647534</MessageID>
	</Header>
	<SubHeader>
		<InstrumentID>R857926N</InstrumentID>
		<InstrumentIDNumeric>857926</InstrumentIDNumeric>
		<InstrumentStatus>ACT</InstrumentStatus>
		<ActivityType>ISS</ActivityType>
		<ActivityStatus>REL</ActivityStatus>
		<BusinessDate>20200108</BusinessDate>
		<OriginalActivityType>ISS</OriginalActivityType>
		<Product>RMB</Product>
		<ProductCategory>RM</ProductCategory>
		<RelationshipCustomerID>00001382</RelationshipCustomerID>
		<LimitCustomerID>00001382</LimitCustomerID>
		<BaseCurrency>USD</BaseCurrency>
		<InstrumentCurrency>USD</InstrumentCurrency>
		<LimitCurrency>USD</LimitCurrency>
		<MessageSequenceNumber>000000013497961</MessageSequenceNumber>
	</SubHeader>
	<UserHeader>
		<UserHeader3>0097770051</UserHeader3>
		<UserHeader4>IOD Payment</UserHeader4>
		<UserHeader5>0097770094</UserHeader5>
	</UserHeader>
	<Body>
		<Activity>
			<DateActivity>20200108</DateActivity>
			<ActivitySequenceNo>0</ActivitySequenceNo>
			<SequenceDate>20200108</SequenceDate>
			<SequenceTime>053212</SequenceTime>
			<ActivityAmount>691538.11</ActivityAmount>
			<WorkItemType>740</WorkItemType>
			<WorkItemNum>2526771</WorkItemNum>
			<WITPriority>7</WITPriority>
			<OriginalSourceType>S</OriginalSourceType>
			<ActivityStartDate>20200108</ActivityStartDate>
			<ActivityStartTime>053113</ActivityStartTime>
			<ActivityEndDate>20200108</ActivityEndDate>
			<ActivityEndTime>053212</ActivityEndTime>
		</Activity>
		<ResultingTerms>
			<InstrumentTerms>
				<DateStart>20200108</DateStart>
				<DateEnd>20200612</DateEnd>
				<FinalEndDate>20200612</FinalEndDate>
				<ReissuanceInd>N</ReissuanceInd>
				<ConvertedInd>N</ConvertedInd>
				<CountryRisk>JP</CountryRisk>
				<TenorCategory>S</TenorCategory>
				<TenorTerms>
					<Tenor>
						<TenorType>SGT</TenorType>
						<Percent>100.00</Percent>
						<TenorDays>0</TenorDays>
					</Tenor>
				</TenorTerms>
				<InstrumentManagerialOrg>031600</InstrumentManagerialOrg>
			</InstrumentTerms>
			<LCTerms>
				<PlaceOfExpiry>NEGOTIATION BANK</PlaceOfExpiry>
				<AvailableWithParty>FRE</AvailableWithParty>
				<AvailableByType>NEGO</AvailableByType>
				<DraftsRequiredInd>N</DraftsRequiredInd>
				<ConfirmationType>NCON</ConfirmationType>
				<AutoExtendInd>N</AutoExtendInd>
				<AutoRevolveInd>N</AutoRevolveInd>
				<ICCVersionType>URRLV</ICCVersionType>
				<PercentPlus>3.00</PercentPlus>
				<PercentMinus>3.00</PercentMinus>
				<CumulativeInd>N</CumulativeInd>
			</LCTerms>
		</ResultingTerms>
		<Parties>
			<Party>
				<PartyType>AUB</PartyType>
				<CustomerID>00001382</CustomerID>
				<ReferenceNo>S-001-2037456</ReferenceNo>
				<BusinessName>MUFG BANK, LTD.</BusinessName>
				<AddressSequenceNum>2</AddressSequenceNum>
				<AddressLine1>HEAD OFFICE, TOKYO</AddressLine1>
				<AddressLine2>7-1 MARUNOUCHI 2-CHOME, CHIYODA-KU,</AddressLine2>
				<City>TOKYO</City>
				<PostalCode>100-8388</PostalCode>
				<CountryDomicile>JP</CountryDomicile>
				<ReimburseOnInd>Y</ReimburseOnInd>
				<SwiftAddress>BOTKJPJTXXX</SwiftAddress>
				<AdviceMethod>S</AdviceMethod>
				<CustomerDetail>
					<CustomerShortName>MUFG TOKYO OPER</CustomerShortName>
					<CustomerType>BRN</CustomerType>
					<CountryRisk>JP</CountryRisk>
					<CountryNationality>JP</CountryNationality>
					<AccountOfficer1ID>U920102</AccountOfficer1ID>
					<AccountOfficer1ShortName>YOSHIDAT</AccountOfficer1ShortName>
					<LegalBankOrgID>3110</LegalBankOrgID>
					<ManagerBankOrgID>031600</ManagerBankOrgID>
					<CentralCustomerID>30009622</CentralCustomerID>
					<RebateInd>N</RebateInd>
					<DefaultAccount>0030009622</DefaultAccount>
					<CustomerUserDefFields>
						<UserDefField6>30009622</UserDefField6>
					</CustomerUserDefFields>
				</CustomerDetail>
			</Party>
		</Parties>
		<Position>
			<OriginalAmount>691538.11</OriginalAmount>
			<OriginalAmountBase>691538.11</OriginalAmountBase>
			<OriginalParticipBase>0.00</OriginalParticipBase>
			<OriginalCustAmount>691538.11</OriginalCustAmount>
			<OriginalCustAmountBase>691538.11</OriginalCustAmountBase>
			<FXLimitUsageRate>0</FXLimitUsageRate>
			<PositionAmounts>
				<PositionAmount>
					<PositionType>AVAL</PositionType>
					<Base>712284.25</Base>
					<BaseDelta>712284.25</BaseDelta>
					<COI>712284.25</COI>
					<COIDelta>712284.25</COIDelta>
				</PositionAmount>
				<PositionAmount>
					<PositionType>BOUT</PositionType>
					<Base>691538.11</Base>
					<BaseDelta>691538.11</BaseDelta>
					<COI>691538.11</COI>
					<COIDelta>691538.11</COIDelta>
				</PositionAmount>
				<PositionAmount>
					<PositionType>COUT</PositionType>
					<Base>691538.11</Base>
					<BaseDelta>691538.11</BaseDelta>
					<COI>691538.11</COI>
					<COIDelta>691538.11</COIDelta>
				</PositionAmount>
				<PositionAmount>
					<PositionType>CURR</PositionType>
					<Base>691538.11</Base>
					<BaseDelta>691538.11</BaseDelta>
					<COI>691538.11</COI>
					<COIDelta>691538.11</COIDelta>
				</PositionAmount>
				<PositionAmount>
					<PositionType>LCUS_COL</PositionType>
					<Base>0.00</Base>
					<BaseDelta>0.00</BaseDelta>
					<COI>0.00</COI>
					<COIDelta>0.00</COIDelta>
				</PositionAmount>
			</PositionAmounts>
		</Position>
	</Body>
</Proponix>

<Proponix>
	<Header>
		<DestinationID>BTM</DestinationID>
		<SenderID>PRO</SenderID>
		<OperationOrganizationID>3153</OperationOrganizationID>
		<MessageType>EODMESS</MessageType>
		<DateSent>20200102</DateSent>
		<TimeSent>1751</TimeSent>
		<MessageID>112337450M</MessageID>
	</Header>
	<Body>
		<CurrentBusinessDate>20200102</CurrentBusinessDate>
		<NextBusinessDate>20200103</NextBusinessDate>
		<ProcessingStats>
			<MessagesSentToBank>
				<Message>
					<Type>ACCTV21</Type>
					<Count>226</Count>
				</Message>
				<Message>
					<Type>BALMIS</Type>
					<Count>55</Count>
				</Message>
				<Message>
					<Type>COMPCHEK</Type>
					<Count>8</Count>
				</Message>
				<Message>
					<Type>PRERELCK</Type>
					<Count>19</Count>
				</Message>
				<Message>
					<Type>SWFTOUT</Type>
					<Count>8</Count>
				</Message>
				<Message>
					<Type>UNITCST</Type>
					<Count>17</Count>
				</Message>
			</MessagesSentToBank>
			<BankOutstandingAmount>
				&quot;153LCX012563&quot;,&quot;USD&quot;,&quot;38950&quot;
				&quot;E520634C&quot;,&quot;USD&quot;,&quot;145800&quot;
				&quot;E523559C&quot;,&quot;USD&quot;,&quot;0&quot;
				&quot;E523751C&quot;,&quot;USD&quot;,&quot;0&quot;
				&quot;E524354C&quot;,&quot;USD&quot;,&quot;96250&quot;
				&quot;I372898C&quot;,&quot;USD&quot;,&quot;0&quot;
				&quot;I376280C&quot;,&quot;USD&quot;,&quot;1341773&quot;
				&quot;I376281C&quot;,&quot;JPY&quot;,&quot;154398400&quot;
				&quot;I376476C&quot;,&quot;USD&quot;,&quot;222031.25&quot;
				&quot;I376477C&quot;,&quot;USD&quot;,&quot;196002.44&quot;
				&quot;I376516C&quot;,&quot;USD&quot;,&quot;159890&quot;
				&quot;I376517C&quot;,&quot;USD&quot;,&quot;2029978&quot;
				&quot;I376518C&quot;,&quot;JPY&quot;,&quot;52071800&quot;
				&quot;I376542C&quot;,&quot;USD&quot;,&quot;528921.04&quot;
				&quot;I376543C&quot;,&quot;USD&quot;,&quot;147724.58&quot;
				&quot;I376545C&quot;,&quot;JPY&quot;,&quot;2115979&quot;
				&quot;I376552C&quot;,&quot;USD&quot;,&quot;199408.15&quot;
				&quot;I376575C&quot;,&quot;USD&quot;,&quot;35186.08&quot;
				&quot;M509258C&quot;,&quot;USD&quot;,&quot;0&quot;
				&quot;N506615C&quot;,&quot;USD&quot;,&quot;1&quot;
				&quot;N509969C&quot;,&quot;USD&quot;,&quot;400000&quot;
				&quot;S000471&quot;,&quot;USD&quot;,&quot;6140548&quot;
				&quot;S001053&quot;,&quot;USD&quot;,&quot;30000&quot;
				&quot;S150181&quot;,&quot;USD&quot;,&quot;5372000&quot;
				&quot;S150271&quot;,&quot;USD&quot;,&quot;2625000&quot;
				&quot;S150313&quot;,&quot;USD&quot;,&quot;80000&quot;
				&quot;S150434&quot;,&quot;USD&quot;,&quot;702000&quot;
				&quot;S150436&quot;,&quot;USD&quot;,&quot;9665917.6&quot;
				&quot;S150490&quot;,&quot;USD&quot;,&quot;3775000&quot;
				&quot;S150491&quot;,&quot;USD&quot;,&quot;339000&quot;
				&quot;S150499&quot;,&quot;USD&quot;,&quot;200000&quot;
				&quot;S150509&quot;,&quot;USD&quot;,&quot;290000&quot;
				&quot;S150558&quot;,&quot;USD&quot;,&quot;125000&quot;
				&quot;S150563&quot;,&quot;USD&quot;,&quot;200000&quot;
				&quot;S150575&quot;,&quot;USD&quot;,&quot;10123288&quot;
				&quot;S150577&quot;,&quot;USD&quot;,&quot;170000&quot;
				&quot;S150589&quot;,&quot;USD&quot;,&quot;400000&quot;
				&quot;S150599&quot;,&quot;USD&quot;,&quot;1300000&quot;
				&quot;S150614&quot;,&quot;USD&quot;,&quot;7000000&quot;
				&quot;S150626&quot;,&quot;USD&quot;,&quot;50000&quot;
				&quot;S150632&quot;,&quot;USD&quot;,&quot;60000&quot;
				&quot;S150635&quot;,&quot;USD&quot;,&quot;125000&quot;
				&quot;S150636&quot;,&quot;USD&quot;,&quot;85000&quot;
				&quot;S150637&quot;,&quot;USD&quot;,&quot;2819000&quot;
				&quot;S150642&quot;,&quot;USD&quot;,&quot;400000&quot;
				&quot;S150677&quot;,&quot;USD&quot;,&quot;166000&quot;
				&quot;S150680C&quot;,&quot;USD&quot;,&quot;950000&quot;
				&quot;S150681&quot;,&quot;USD&quot;,&quot;200000&quot;
				&quot;S150685&quot;,&quot;USD&quot;,&quot;250000&quot;
				&quot;S500714C&quot;,&quot;USD&quot;,&quot;1185000&quot;
				&quot;S501579C&quot;,&quot;USD&quot;,&quot;1333000&quot;
				&quot;S502994C&quot;,&quot;USD&quot;,&quot;100000&quot;
				&quot;S503803C&quot;,&quot;USD&quot;,&quot;30000&quot;
				&quot;S505241C&quot;,&quot;USD&quot;,&quot;250000&quot;
				&quot;S507347C&quot;,&quot;USD&quot;,&quot;1325000&quot;
				&quot;S507692C&quot;,&quot;USD&quot;,&quot;548990&quot;
				&quot;S509010C&quot;,&quot;USD&quot;,&quot;930000&quot;
				&quot;S509719C&quot;,&quot;USD&quot;,&quot;1600000&quot;
				&quot;S512495C&quot;,&quot;USD&quot;,&quot;200000&quot;
				&quot;S513536C&quot;,&quot;USD&quot;,&quot;2250000&quot;
				&quot;S514552C&quot;,&quot;USD&quot;,&quot;1191670&quot;
				&quot;S515098C&quot;,&quot;USD&quot;,&quot;550000&quot;
				&quot;S515099C&quot;,&quot;USD&quot;,&quot;1171252&quot;
				&quot;S515100C&quot;,&quot;USD&quot;,&quot;1585000&quot;
				&quot;S515101C&quot;,&quot;USD&quot;,&quot;3000000&quot;
				&quot;S515256C&quot;,&quot;USD&quot;,&quot;520000&quot;
				&quot;S515305C&quot;,&quot;USD&quot;,&quot;373000&quot;
				&quot;S516262C&quot;,&quot;USD&quot;,&quot;20525&quot;
				&quot;S516681C&quot;,&quot;USD&quot;,&quot;653400&quot;
				&quot;S516913C&quot;,&quot;USD&quot;,&quot;248390&quot;
				&quot;S517619C&quot;,&quot;USD&quot;,&quot;2578469&quot;
				&quot;S518075C&quot;,&quot;USD&quot;,&quot;15288&quot;
				&quot;S518952C&quot;,&quot;USD&quot;,&quot;99000&quot;
				&quot;S519082C&quot;,&quot;USD&quot;,&quot;99000&quot;
				&quot;S519620C&quot;,&quot;USD&quot;,&quot;358682.6&quot;
				&quot;S519725C&quot;,&quot;USD&quot;,&quot;552775.02&quot;
				&quot;S519950&quot;,&quot;USD&quot;,&quot;5810768&quot;
				&quot;S520358C&quot;,&quot;USD&quot;,&quot;36522&quot;
				&quot;S520693C&quot;,&quot;USD&quot;,&quot;650000&quot;
				&quot;S520997C&quot;,&quot;USD&quot;,&quot;40000&quot;
				&quot;S520999C&quot;,&quot;USD&quot;,&quot;100000&quot;
				&quot;S521266C&quot;,&quot;USD&quot;,&quot;1000000&quot;
				&quot;S521404C&quot;,&quot;USD&quot;,&quot;900000&quot;
				&quot;S521547C&quot;,&quot;USD&quot;,&quot;1242776&quot;
				&quot;S521590C&quot;,&quot;USD&quot;,&quot;252417.1&quot;
				&quot;S521591C&quot;,&quot;USD&quot;,&quot;171636.4&quot;
				&quot;S521748&quot;,&quot;USD&quot;,&quot;100000&quot;
				&quot;S521890C&quot;,&quot;USD&quot;,&quot;1650000&quot;
				&quot;S522294C&quot;,&quot;USD&quot;,&quot;16000&quot;
				&quot;S522477C&quot;,&quot;USD&quot;,&quot;300000&quot;
				&quot;S522629C&quot;,&quot;USD&quot;,&quot;31590.8&quot;
				&quot;S522673C&quot;,&quot;USD&quot;,&quot;16376.96&quot;
				&quot;S522734C&quot;,&quot;USD&quot;,&quot;10000000&quot;
				&quot;S523127C&quot;,&quot;USD&quot;,&quot;489015&quot;
				&quot;S523247C&quot;,&quot;USD&quot;,&quot;350000&quot;
				&quot;S523283C&quot;,&quot;USD&quot;,&quot;365750&quot;
				&quot;S523462C&quot;,&quot;USD&quot;,&quot;70382.1&quot;
				&quot;S523463C&quot;,&quot;USD&quot;,&quot;70382.1&quot;
				&quot;S523464C&quot;,&quot;USD&quot;,&quot;70382.1&quot;
				&quot;S523695C&quot;,&quot;USD&quot;,&quot;66435.02&quot;
				&quot;S523779C&quot;,&quot;USD&quot;,&quot;378962&quot;
				&quot;S524483C&quot;,&quot;USD&quot;,&quot;36648&quot;
				&quot;S524484C&quot;,&quot;USD&quot;,&quot;36648&quot;
				&quot;S524524C&quot;,&quot;USD&quot;,&quot;90597.5&quot;
				&quot;S524738C&quot;,&quot;USD&quot;,&quot;93866&quot;
				&quot;S524867C&quot;,&quot;USD&quot;,&quot;0&quot;
				&quot;S524922C&quot;,&quot;USD&quot;,&quot;800000&quot;
				&quot;T372811C&quot;,&quot;USD&quot;,&quot;174100&quot;
				&quot;T373391C&quot;,&quot;USD&quot;,&quot;78820.53&quot;
				&quot;T374331C&quot;,&quot;USD&quot;,&quot;64599.2&quot;
				&quot;T374690C&quot;,&quot;USD&quot;,&quot;80602.37&quot;
				&quot;T375035C&quot;,&quot;USD&quot;,&quot;71499.58&quot;
				&quot;T375097C&quot;,&quot;USD&quot;,&quot;165425&quot;
				&quot;T375308C&quot;,&quot;USD&quot;,&quot;183970.29&quot;
				&quot;T375312C&quot;,&quot;USD&quot;,&quot;25949&quot;
				&quot;T375378C&quot;,&quot;USD&quot;,&quot;218440.07&quot;
				&quot;T375379C&quot;,&quot;USD&quot;,&quot;165577.19&quot;
				&quot;T375403C&quot;,&quot;USD&quot;,&quot;78116.78&quot;
				&quot;T375442C&quot;,&quot;USD&quot;,&quot;12974.5&quot;
				&quot;T375479C&quot;,&quot;JPY&quot;,&quot;264653400&quot;
				&quot;T375525C&quot;,&quot;USD&quot;,&quot;148020.43&quot;
				&quot;T375620C&quot;,&quot;USD&quot;,&quot;179975&quot;
				&quot;T375701C&quot;,&quot;USD&quot;,&quot;12974.5&quot;
				&quot;T375702C&quot;,&quot;USD&quot;,&quot;185422.52&quot;
				&quot;T375704C&quot;,&quot;USD&quot;,&quot;38541.2&quot;
				&quot;T375781C&quot;,&quot;USD&quot;,&quot;183862.92&quot;
				&quot;T375782C&quot;,&quot;USD&quot;,&quot;98238.63&quot;
				&quot;T375783C&quot;,&quot;USD&quot;,&quot;2211072.05&quot;
				&quot;T375789C&quot;,&quot;USD&quot;,&quot;127856.05&quot;
				&quot;T375798C&quot;,&quot;USD&quot;,&quot;12974.5&quot;
				&quot;T375857C&quot;,&quot;USD&quot;,&quot;607943.95&quot;
				&quot;T375858C&quot;,&quot;USD&quot;,&quot;12974.5&quot;
				&quot;T375859C&quot;,&quot;USD&quot;,&quot;70118.29&quot;
				&quot;T375860C&quot;,&quot;USD&quot;,&quot;150493.8&quot;
				&quot;T375861C&quot;,&quot;JPY&quot;,&quot;220965525&quot;
				&quot;T376021C&quot;,&quot;USD&quot;,&quot;173745.42&quot;
				&quot;T376024C&quot;,&quot;USD&quot;,&quot;201011.9&quot;
				&quot;T376090C&quot;,&quot;USD&quot;,&quot;162611.99&quot;
				&quot;T376091C&quot;,&quot;USD&quot;,&quot;48158.03&quot;
				&quot;T376093C&quot;,&quot;USD&quot;,&quot;373137.3&quot;
				&quot;T376097C&quot;,&quot;USD&quot;,&quot;353553.23&quot;
				&quot;T376113C&quot;,&quot;JPY&quot;,&quot;266624600&quot;
				&quot;T376154C&quot;,&quot;USD&quot;,&quot;299660.35&quot;
				&quot;T376156C&quot;,&quot;USD&quot;,&quot;1050939.02&quot;
				&quot;T376158C&quot;,&quot;USD&quot;,&quot;97159.54&quot;
				&quot;T376159C&quot;,&quot;USD&quot;,&quot;104455.44&quot;
				&quot;T376160C&quot;,&quot;USD&quot;,&quot;2087082.71&quot;
				&quot;T376161C&quot;,&quot;USD&quot;,&quot;72062.47&quot;
				&quot;T376162C&quot;,&quot;USD&quot;,&quot;119637.24&quot;
				&quot;T376163C&quot;,&quot;USD&quot;,&quot;146535.65&quot;
				&quot;T376185C&quot;,&quot;USD&quot;,&quot;581409.91&quot;
				&quot;T376186C&quot;,&quot;USD&quot;,&quot;56327.8&quot;
				&quot;T376188C&quot;,&quot;USD&quot;,&quot;131472.99&quot;
				&quot;T376317C&quot;,&quot;USD&quot;,&quot;176909.54&quot;
				&quot;T376319C&quot;,&quot;USD&quot;,&quot;178098.85&quot;
				&quot;T376323C&quot;,&quot;USD&quot;,&quot;12974.5&quot;
				&quot;T376349C&quot;,&quot;USD&quot;,&quot;554437.61&quot;
				&quot;T376350C&quot;,&quot;USD&quot;,&quot;198829.11&quot;
				&quot;T376353C&quot;,&quot;USD&quot;,&quot;177225&quot;
				&quot;T376354C&quot;,&quot;USD&quot;,&quot;176681.42&quot;
				&quot;T376355C&quot;,&quot;USD&quot;,&quot;484096.35&quot;
				&quot;T376424C&quot;,&quot;USD&quot;,&quot;12974.5&quot;
				&quot;T376426C&quot;,&quot;USD&quot;,&quot;110398.51&quot;
				&quot;T376427C&quot;,&quot;USD&quot;,&quot;185842.27&quot;
				&quot;T376428C&quot;,&quot;USD&quot;,&quot;103576.32&quot;
				&quot;T376433C&quot;,&quot;USD&quot;,&quot;33057.6&quot;
				&quot;T376444C&quot;,&quot;JPY&quot;,&quot;5784360&quot;
				&quot;T376445C&quot;,&quot;JPY&quot;,&quot;3223380&quot;
				&quot;T376459C&quot;,&quot;JPY&quot;,&quot;5476541&quot;
				&quot;T376470C&quot;,&quot;USD&quot;,&quot;923670.1&quot;
				&quot;T376471C&quot;,&quot;USD&quot;,&quot;446816.54&quot;
				&quot;T376472C&quot;,&quot;USD&quot;,&quot;324161.77&quot;
				&quot;T376473C&quot;,&quot;USD&quot;,&quot;363429.67&quot;
				&quot;T376505C&quot;,&quot;USD&quot;,&quot;121008.16&quot;
				&quot;T376510C&quot;,&quot;USD&quot;,&quot;1065969.32&quot;
				&quot;T376511C&quot;,&quot;USD&quot;,&quot;12974.5&quot;
				&quot;T376512C&quot;,&quot;USD&quot;,&quot;185842.27&quot;
				&quot;T376536C&quot;,&quot;JPY&quot;,&quot;1501849&quot;
				&quot;T376564C&quot;,&quot;USD&quot;,&quot;276132.63&quot;
				&quot;T376565C&quot;,&quot;USD&quot;,&quot;142335.49&quot;
				&quot;T376592C&quot;,&quot;JPY&quot;,&quot;4830436&quot;
				&quot;Y451327C&quot;,&quot;USD&quot;,&quot;2230387.5&quot;
				&quot;Y451328C&quot;,&quot;USD&quot;,&quot;19365032.72&quot;
				&quot;Y451329C&quot;,&quot;USD&quot;,&quot;7562.5&quot;
</BankOutstandingAmount>
	<AccruedToDate>&quot;S000471&quot;,&quot;USD&quot;,&quot;89592.35&quot;
		&quot;S001053&quot;,&quot;USD&quot;,&quot;4841.6&quot;
		&quot;S150271&quot;,&quot;USD&quot;,&quot;58712.49&quot;
		&quot;S150313&quot;,&quot;USD&quot;,&quot;4535.51&quot;
		&quot;S150434&quot;,&quot;USD&quot;,&quot;29440.16&quot;
		&quot;S150436&quot;,&quot;USD&quot;,&quot;341747.45&quot;
		&quot;S150490&quot;,&quot;USD&quot;,&quot;215019.81&quot;
		&quot;S150491&quot;,&quot;USD&quot;,&quot;14760.04&quot;
		&quot;S150499&quot;,&quot;USD&quot;,&quot;18927.66&quot;
		&quot;S150509&quot;,&quot;USD&quot;,&quot;22764.2&quot;
		&quot;S150563&quot;,&quot;USD&quot;,&quot;7333.27&quot;
		&quot;S150575&quot;,&quot;USD&quot;,&quot;139195.28&quot;
		&quot;S150577&quot;,&quot;USD&quot;,&quot;4821.37&quot;
		&quot;S150589&quot;,&quot;USD&quot;,&quot;13413.31&quot;
		&quot;S150614&quot;,&quot;USD&quot;,&quot;101976.37&quot;
		&quot;S150626&quot;,&quot;USD&quot;,&quot;5672.29&quot;
		&quot;S150632&quot;,&quot;USD&quot;,&quot;1642.37&quot;
		&quot;S150635&quot;,&quot;USD&quot;,&quot;3255.21&quot;
		&quot;S150636&quot;,&quot;USD&quot;,&quot;1299.99&quot;
		&quot;S150637&quot;,&quot;USD&quot;,&quot;37083.45&quot;
		&quot;S150642&quot;,&quot;USD&quot;,&quot;13413.31&quot;
		&quot;S150685&quot;,&quot;USD&quot;,&quot;8383.31&quot;
		&quot;S500714C&quot;,&quot;USD&quot;,&quot;25714.12&quot;
		&quot;S502994C&quot;,&quot;USD&quot;,&quot;23259.71&quot;
		&quot;S503803C&quot;,&quot;USD&quot;,&quot;2752.5&quot;
		&quot;S505241C&quot;,&quot;USD&quot;,&quot;2564.23&quot;
		&quot;S507347C&quot;,&quot;USD&quot;,&quot;36366.29&quot;
		&quot;S507692C&quot;,&quot;USD&quot;,&quot;7519.85&quot;
		&quot;S509010C&quot;,&quot;USD&quot;,&quot;19234.47&quot;
		&quot;S509719C&quot;,&quot;USD&quot;,&quot;18511.11&quot;
		&quot;S512495C&quot;,&quot;USD&quot;,&quot;3356.68&quot;
		&quot;S513536C&quot;,&quot;USD&quot;,&quot;59480.57&quot;
		&quot;S515098C&quot;,&quot;USD&quot;,&quot;0&quot;
		&quot;S515099C&quot;,&quot;USD&quot;,&quot;0&quot;
		&quot;S515100C&quot;,&quot;USD&quot;,&quot;0&quot;
		&quot;S515101C&quot;,&quot;USD&quot;,&quot;0&quot;
		&quot;S515256C&quot;,&quot;USD&quot;,&quot;9838.89&quot;
		&quot;S515305C&quot;,&quot;USD&quot;,&quot;9104.17&quot;
		&quot;S516262C&quot;,&quot;USD&quot;,&quot;214.1&quot;
		&quot;S516681C&quot;,&quot;USD&quot;,&quot;9841.85&quot;
		&quot;S517619C&quot;,&quot;USD&quot;,&quot;20681.49&quot;
		&quot;S518075C&quot;,&quot;USD&quot;,&quot;197.14&quot;
		&quot;S518952C&quot;,&quot;USD&quot;,&quot;905.85&quot;
		&quot;S519082C&quot;,&quot;USD&quot;,&quot;891&quot;
		&quot;S519620C&quot;,&quot;USD&quot;,&quot;2460.97&quot;
		&quot;S519725C&quot;,&quot;USD&quot;,&quot;6771.48&quot;
		&quot;S519950&quot;,&quot;USD&quot;,&quot;247199.82&quot;
		&quot;S520358C&quot;,&quot;USD&quot;,&quot;337.83&quot;
		&quot;S520693C&quot;,&quot;USD&quot;,&quot;2438.19&quot;
		&quot;S521266C&quot;,&quot;USD&quot;,&quot;21000.01&quot;
		&quot;S521404C&quot;,&quot;USD&quot;,&quot;18200&quot;
		&quot;S521547C&quot;,&quot;USD&quot;,&quot;14581.9&quot;
		&quot;S521590C&quot;,&quot;USD&quot;,&quot;1819.51&quot;
		&quot;S521591C&quot;,&quot;USD&quot;,&quot;1237.2&quot;
		&quot;S521748&quot;,&quot;USD&quot;,&quot;4191.68&quot;
		&quot;S521890C&quot;,&quot;USD&quot;,&quot;0&quot;
		&quot;S522477C&quot;,&quot;USD&quot;,&quot;1385&quot;
		&quot;S522629C&quot;,&quot;USD&quot;,&quot;114.53&quot;
		&quot;S523283C&quot;,&quot;USD&quot;,&quot;1010.9&quot;
		&quot;S523462C&quot;,&quot;USD&quot;,&quot;259.54&quot;
		&quot;S523463C&quot;,&quot;USD&quot;,&quot;259.54&quot;
		&quot;S523464C&quot;,&quot;USD&quot;,&quot;259.54&quot;
		&quot;S523695C&quot;,&quot;USD&quot;,&quot;215.91&quot;
		&quot;S523779C&quot;,&quot;USD&quot;,&quot;1136.89&quot;
		&quot;S524483C&quot;,&quot;USD&quot;,&quot;32.58&quot;
		&quot;S524484C&quot;,&quot;USD&quot;,&quot;32.58&quot;
		&quot;S524524C&quot;,&quot;USD&quot;,&quot;74.24&quot;
		&quot;S524738C&quot;,&quot;USD&quot;,&quot;74.31&quot;
		&quot;S524867C&quot;,&quot;USD&quot;,&quot;77.78&quot;
		&quot;S524922C&quot;,&quot;USD&quot;,&quot;311.11&quot;
		&quot;Y451327C&quot;,&quot;USD&quot;,&quot;73204.13&quot;
		&quot;Y451328C&quot;,&quot;USD&quot;,&quot;2306465.44&quot;
		&quot;Y451329C&quot;,&quot;USD&quot;,&quot;692.47&quot;
</AccruedToDate><AmountLeftToAmortize>&quot;S150181&quot;,&quot;USD&quot;,&quot;6946.89&quot;
&quot;S150558&quot;,&quot;USD&quot;,&quot;1770.87&quot;
&quot;S150599&quot;,&quot;USD&quot;,&quot;3177.68&quot;
&quot;S150677&quot;,&quot;USD&quot;,&quot;331.09&quot;
&quot;S150680C&quot;,&quot;USD&quot;,&quot;380.04&quot;
&quot;S150681&quot;,&quot;USD&quot;,&quot;53.52&quot;
&quot;S501579C&quot;,&quot;USD&quot;,&quot;444.36&quot;
&quot;S514552C&quot;,&quot;USD&quot;,&quot;9267.3&quot;
&quot;S515098C&quot;,&quot;USD&quot;,&quot;2077.67&quot;
&quot;S515099C&quot;,&quot;USD&quot;,&quot;4424.48&quot;
&quot;S515100C&quot;,&quot;USD&quot;,&quot;5988.08&quot;
&quot;S515101C&quot;,&quot;USD&quot;,&quot;11333.02&quot;
&quot;S515256C&quot;,&quot;USD&quot;,&quot;0&quot;
&quot;S515305C&quot;,&quot;USD&quot;,&quot;0&quot;
&quot;S516681C&quot;,&quot;USD&quot;,&quot;0&quot;
&quot;S516913C&quot;,&quot;USD&quot;,&quot;494.06&quot;
&quot;S517619C&quot;,&quot;USD&quot;,&quot;0&quot;
&quot;S518075C&quot;,&quot;USD&quot;,&quot;0&quot;
&quot;S519082C&quot;,&quot;USD&quot;,&quot;32.2&quot;
&quot;S519620C&quot;,&quot;USD&quot;,&quot;0&quot;
&quot;S520693C&quot;,&quot;USD&quot;,&quot;0&quot;
&quot;S520997C&quot;,&quot;USD&quot;,&quot;128.68&quot;
&quot;S520999C&quot;,&quot;USD&quot;,&quot;321.88&quot;
&quot;S521547C&quot;,&quot;USD&quot;,&quot;2.73&quot;
&quot;S521591C&quot;,&quot;USD&quot;,&quot;2.53&quot;
&quot;S521748&quot;,&quot;USD&quot;,&quot;0&quot;
&quot;S521890C&quot;,&quot;USD&quot;,&quot;6255.94&quot;
&quot;S522294C&quot;,&quot;USD&quot;,&quot;119.26&quot;
&quot;S522629C&quot;,&quot;USD&quot;,&quot;17.8&quot;
&quot;S522673C&quot;,&quot;USD&quot;,&quot;150.15&quot;
&quot;S522734C&quot;,&quot;USD&quot;,&quot;9499.79&quot;
&quot;S523127C&quot;,&quot;USD&quot;,&quot;455.19&quot;
&quot;S523247C&quot;,&quot;USD&quot;,&quot;353.97&quot;
&quot;S523462C&quot;,&quot;USD&quot;,&quot;36.37&quot;
&quot;S523463C&quot;,&quot;USD&quot;,&quot;36.37&quot;
&quot;S523464C&quot;,&quot;USD&quot;,&quot;36.37&quot;
&quot;S524483C&quot;,&quot;USD&quot;,&quot;51.45&quot;
&quot;S524484C&quot;,&quot;USD&quot;,&quot;51.45&quot;
&quot;S524524C&quot;,&quot;USD&quot;,&quot;56.43&quot;
&quot;S524738C&quot;,&quot;USD&quot;,&quot;41.89&quot;
</AmountLeftToAmortize></ProcessingStats></Body></Proponix>